Artist,PlayCount,
Beavis & Butthead,1
Sugar,1
Graham Central Station,2
Queens of the Stone Age,150
Sigur Rós,71
New Radicals,1
Deerhunter,45
The Good the bad and the queen,22
The Hi-Fly Orchestra,1
moondog with orchestra,3
Carte Blanche,5
Neil Young & Crazy Horse,22
Bigott,1
And So I Watch You From Afar,38
Carlos Mencia,1
Jim Croce,4
Nirvana,154
So Cow,1
Journey,5
Massive Attack,39
Bikini Kill,18
EarthGang,2
Procol Harum,5
Vyvienne Long,34
Goldfrapp,4
Israel IZ Kamakawiwoole,6
The Wolfe Tones,1
Hypnotic Brass Ensemble,1
Screaming Females,1
No Monster Club,2
Pablo Francisco,1
Ian Dury,2
Interlude,3
Automatic,1
Sleaford Mods,23
Tom Kenny as SpongeBob Squarepants,1
The Muppets,2
Orgone,1
El Michels Affair,7
Florence and The Machine,23
My Faust,1
Link Wray & His Ray Men,2
The Pipettes,1
Boots Electric,1
Billy Bragg,30
Menahan Street Band,17
George Clinton,36
The Crystal Method,1
BBC Radio 4,12
Brad Oscar Nathan Lane & Matthew Broderick,1
The Sultans Of Ping F.C.,8
Jarvis Cocker,24
The Jon Spencer Blues Explosion,16
Maxïmo Park,4
Kiss,1
Esther Phillips,2
Red Hot Chili Peppers,38
A,3
Dillon Francis,1
Maze,2
High Fashion,1
Derrick Harriott,2
Bonnie 'Prince' Billy,11
Mozzy,1
deadmau5,40
Death in Vegas,77
Matthew And The Atlas,1
Marcia Aitken,3
The Joy Formidable,1
Porcupine Tree,1
Barrington Levy,2
King Creosote,20
The Duke Spirit,1
The Amazing Snakeheads,1
Thelonious Monk Quartet,1
Ross Noble,3
Mavis Staples,2
Anderson East,1
Nada Surf,25
Charles Brown,1
Fun Lovin' Criminals,9
Vilhelm Brandt,1
Bon Iver,64
Mary Wells,2
Melody Gardot,1
Wilson Pickett,161
Dan the Automator,4
Disturbed,2
The Decemberists,195
Faces,28
Kings of Leon,71
Karen Dalton,2
Duke Ellington,3
Superchunk,1
Brakes,11
Nat King Cole,1
Queen,41
Junior Senior,1
Kitt Philippa,1
Lee Scratch Perry,30
Surfer Blood,41
Winston McAnuff,1
Yelle,2
fIREHOSE,2
The Red Army Choir,1
Tom Browne,7
Wire,24
Junk Drawer,2
Jello Biafra,19
Loon Lake,1
Dottie & Millie,4
Revolver,2
Gerry Rafferty,2
Roman Mars,19
Health,2
Luis Bacalov & Rocky Roberts,1
Fruit Bats,15
The Head and the Heart,1
Delibes,1
The Sensations,3
Où est le swimming pool,2
Roni Size,1
The Primitives,1
David Lynch,3
Ike & Tina Turner,12
ACDC,1
DJ T,1
Reagan Youth,1
Dead Kennedys,474
Heartless Bastards,3
Booka Shade,2
Marmozets,1
Doctor & The Medics,1
T. M. Soundararajan,1
The Beta Band,105
TV on the Radio,311
This Is the Kit,1
The Soggy Bottom Boys,1
Kevin Drew,15
Booker T. & the MG's,11
Ryeforce,1
Gene Williams,3
500won Project,3
Nas,2
Temple of the Dog,8
Lotus Plaza,1
Queen Latifah,1
Spongebob Squarepants,2
José González,6
Kate Tempest,16
Arnetta Johnson,2
elbow,59
Wyvern Lingo,49
Quincy Jones,9
Aparna Nancherla,6
The Searchers,2
Theme Tune,2
UNKLE,13
Jake Bugg,10
The Chalets,306
Tipitina Foundation,3
Clarence Carter,1
Patsy Cline,1
Donald Glover & Danny Pudi,1
Fat Lady Sings,1
The Bats,2
Palma Violets,2
Amy Winehouse,5
!!!,262
Phoenix,25
The 13th Floor Elevators,2
The Murder Of Crows,32
Edward Sharpe & The Magnetic Zeros,4
Erol Alkan,1
The Boomtown Rats,4
Miles Davis,32
Freddie Hultana,1
Little Green Cars,101
Mint Royale,3
Gary Numan / Tubeway Army,1
Mo Kolours,1
Étienne de Crécy,14
Pete Tong,1
Wilt,6
The Brothers of Soul,3
Ben E. King,3
L7,22
David O'Doherty,22
Less Than Jake,20
Carole King,1
(Sandy) Alex G,1
Rise Against,1
Coleman Hawkins,1
Prefab Sprout,1
Dusty Springfield,7
All,3
James Brown,263
The 5.6.7.8's,1
Frankie Valli & the Four Seasons,2
Grace Jones,4
Wishbone Ash,3
The Lumineers,19
Maxwell,1
Neu!,1
Matty,2
Silver Jews,52
Jónsi,11
The Used,1
The Orwells,1
Sylford Walker,1
Wild Flag,2
Nigel Godrich,9
The Velvelettes,2
MMOTHS,3
Dionne Warwick,4
Divine Fits,1
Mayer Hawthorne,4
Scott Grooves,1
The Brothers,1
Chastity Belt,4
Kíla,20
Aloe Blacc,3
Blur,403
Inner City,1
Suicidal Tendencies,5
INXS,1
John Kongos,1
John Lennon & Jimi Hendrix,2
Destroyer,4
Ted Nugent,3
Sonny Rollins,1
Young Fathers,7
The Wrens,1
The Dismemberment Plan,14
Mocky,1
Me First and the Gimme Gimmes,15
Beck,499
The Seahorses,3
Sublime,82
The Clean,1
Breakestra,2
Bobby Orlando; Felix da Housecat,1
Titus Andronicus,2
Weird Al Yankovic,2
Sinkane,2
Little Boots,25
George Clanton,1
Big Head Todd  & the Monsters,2
Beethoven,1
Archie Bell and The Drells,4
The Electric Peanut Butter Company,1
Christopher Walken,1
The Phenomenal Handclap Band,1
Curtis Mayfield,115
Public Enemy,27
Wax,7
Luscious Jackson,1
Inspiral Carpets,1
The Stooges,227
The Chats,5
Les Claypool,100
Stan Getz,1
Yann Tiersen,1
Four Tops,7
Sting,1
A Lazarus Soul,1
Puscifer,1
Joey Ramone,4
Anti-Flag,1
Rainbow,4
Stars,6
Sparks,3
Alice in Chains,29
Sneaks,1
Blood Red Shoes,4
The Sleepy Jackson,2
The Chieftains,1
Royal Blood,74
Pearl Jam,221
The Attack,1
Royce Da 5'9,1
Discovery,2
Modest Mouse,530
Black Books,1
David Cross,36
Ella Fitzgerald,3
Muse,57
The Mighty Boosh,158
ajj,3
Dry Cleaning,1
Hole,16
Beoga,1
Ocean Colour Scene,8
Howstuffworks.com,1
Queen & David Bowie,2
Mylo,1
Snowden,12
Sampa The Great,2
Louis Cole,1
The Girls,3
The Shirelles,3
Miles Davis and John Coltran,2
Crosby Stills Nash & Young,64
Horsebeach,3
Carl Reiner & Mel Brooks,21
Gonzales,8
Grandaddy,9
The Feelies,2
Metric,171
Chai,1
The Frank & Walters,1
Gwen Stefani,6
Television Personalities,2
And You Will Know Us By The Trail Of Dead,4
Jeff Tweedy,1
Andy Gaffney and Seamie Kennedy,2
Neil Rolnick,1
S-hot,1
Samuel L. Jackson,1
No Use for a Name,1
Germs,1
Craft Spells,1
The Hat,1
Elvis Costello & The Attractions,23
Die Antwoord,14
Rich Kidz,1
Gizelle Smith & the Mighty Mocambos,1
Stone Temple Pilots,1
Buffalo Springfield,20
The Graham Bond Organisation,1
Gang Green,1
St. Paul & The Broken Bones,1
Lewis Black,58
Matt Corby,1
Moloko,1
Leftfield,23
David Bowie,333
Dennis Wilson,1
Wolf Parade,15
Gang of Four,50
Steven Wright,150
Binky Griptite,1
Ben Howard,1
Edgar Winter Group,2
Gregory Isaacs,1
Al Wilson,2
Tweedy,1
Basement Jaxx,1
Kasabian,16
The Von Bondies,23
Mission of Burma,11
Brian Eno,3
The Ordinary Boys,130
Alan Silvestri,1
The Pharcyde,2
Alexander Skip Spence,1
Bee Gees,5
Delphic,1
You Say Party! We Say Die!,26
Lloyd's All Stars,2
Peter Bjorn and John,38
The Thermals,2
Cayetana,3
The Julie Ruin,2
Bob & Earl Band,3
KC & The Sunshine Band,1
Liz Phair,2
Mumbai Science,2
Fade,1
Spiritualized;J. Spaceman;Sean Cook;Kate Radley;Roddy Lorimer;B.J. Cole;The London Community Gospel Choir;John Coxon,1
Bessie Smith,2
Them,45
Ray Parker Jr.,1
Alpha Blondy,1
The Charmels,2
Avey Tare's Slasher Flicks,4
Tunng,4
The Dubliners,8
the dap-kings,2
The Babies,1
Frank Zappa & The Mothers of Invention,64
Ash,26
Friendly Fires,10
Joel Plaskett Emergency,1
Animal Collective,105
Unknown Mortal Orchestra,4
Shaun Ryder,1
System of a Down,44
Prophets of Rage,1
Frankie Goes to Hollywood,4
The Rosebuds,1
The Allman Brothers Band,2
B Boys,1
Men Without Hats,37
The Rakes,7
Ludovico Einaudi,1
Gentle Giant,5
Big One,2
Tilly and the Wall,14
David & Ruben,2
Arab Strap,12
A$AP Rocky,1
AlunaGeorge,20
Diana Ross and the Supremes,1
Howler,2
Derek & The Dominos,7
The Patterson Singers,1
The Rural Alberta Advantage,1
The Jahlights,2
Tom Vek,1
Sugarman Three,1
Love Is All,16
Arthur Conley,3
Serge Gainsbourg,1
The Coup,5
The United States of America,140
(+44),8
MC Hammer,1
Boy Azooga,1
Starlight Mints,22
Secret Machines,6
Fontaines D.C.,51
Screaming Trees,104
Smith Elliott,5
Free,3
The Wannadies,2
Reel Big Fish,4
The Modern Lovers,12
Defari - Dr. Dre - King Tee - Knoc-Turn'al - Kokane - MC Ren - Time Bomb - Xzibit,2
Mourn,3
Chris Stills,2
Future of the Left,30
Matt Berry,1
Slipknot,5
MS MR,2
Teddy Pendergrass,1
Tricky,1
Chromeo,28
Xiu Xiu,1
OutKast with Killer Mike & J-Sweet,1
Laura Marling,8
Roy Ayers Ubiquity,4
The Microphones,3
Jefferson Airplane,29
Kenny Rogers,3
Ciaran Lavery,1
Kings Go Forth,4
X,4
Loretta Lynn,2
Paul Kalkbrenner,2
The Black Angels,2
The Beach Boys,31
The Time,1
ZZ Top,8
Jay Reatard,21
Don McLean,1
Dr. Dre - Henry Charis - Mel-Man,1
Joan as Police Woman,1
Clinic,95
Meat Puppets,15
Funkservice International,1
The Temptations,34
Outkast with Gangsta Boo & Eco,1
The Promise Ring,1
Desert Sessions,2
The Cramps,25
Delta Spirit,4
Portishead,36
Danny Monday,3
Stealers Wheel,2
The Go-Betweens,2
Belly,7
DMX,1
Gravediggaz,2
Stewart Lee,2
George Thorogood & The Destroyers,1
Run–D.M.C.,2
PJ Harvey & Cowboy Junkies,6
Tool,41
Harmontown,1
Dolly Parton,4
Goody Grace,1
Heatmiser,1
Echo & the Bunnymen,1012
Total Giovanni,1
Redneck Manifesto,2
The Neville Brothers,1
Warmduscher,2
The Answer,19
Theme Songs,1
Roman Flügel,1
Ezra Furman,5
Ham Sandwich,52
Tame Impala,28
Devendra Banhart,54
The Goops,3
She & Him,126
Hospitality,4
Captain Beefheart,2
Leon Russell,3
Flogging Molly,12
Lee Moses,3
Jinx Lennon,7
Crystal Castles & Robert Smith,4
blues brothers feat cab calloway,1
Department of Eagles,2
Focus,4
Sly Stone,1
Cut Chemist,358
Skull Snaps,1
The Fall,99
Jeff Buckley,143
DJ Danger Mouse,10
The Wombats,11
Dish Pit,1
Badly Drawn Boy,12
Billie Holiday,12
Dropkick Murphys,24
Snow,2
Bahamas,1
Maximo Park,1
Levi Jackson,1
Quruli,1
Sorry,4
The Winstons,1
Kitten Forever,3
Kendrick Lamar,18
The Hold Steady,8
Helen Love,1
Ty Segall,1
The Dramatics,1
The The,109
Nina Simone,32
Jello Biafra & Mojo Nixon,5
Bad Religion,16
Wild Promises,1
Skrillex,2
Jim Carrey,24
Wolf Alice,6
NO ZU,1
Syl Johnson,5
Death Cab for Cutie,14
Demetri Martin,35
Teen Heroes,3
Siriusmo,5
Wolfman And Pete Doherty,1
Bill Bailey,15
Algiers,2
¡Forward Russia!,2
Forward Russia!,22
Milo Greene,1
Henry Mancini,3
Donovan,4
The Vandals,10
Soulwax feat. Nancy Whang,2
Frank Black Francis,19
Little Willie John,3
Kormac,47
AC/DC,52
Rufus,1
Rammstein,8
Brother Dege (AKA Dege Legg),3
Bill Withers,20
Philipp Poisel,1
Erin McGathy Feral Audio,9
Debs,1
Phoebe Bridgers,16
Douglas Adams,26
Nilüfer Yanya,1
Ariel Pink,5
Jackie Lee,3
Gary Numan,3
NeonBlonde,1
Duke Dumont,1
Joe Rogan,1
Eyes Adrift,2
Junior Kimbrough,1
28 Days,1
B.B. King,13
Nao,2
Mannequin Pussy,2
Childish Gambino,199
Bush,18
The Bugle,56
The Blues Brothers,48
Hop Along,1
The Pointer Sisters,1
Scandal with Patty Smyth,5
Phish,6
Richard Herring,4
Les Claypool's Duo De Twang,24
The Shitz,12
Carla Thomas,2
Neutral Milk Hotel,117
Bootsy's Rubber Band,5
Dananananaykroyd,1
Broncho,2
Benoit & Sergio,6
Jimmy Smith,1
Djose Elenko,1
The Apollas,1
Natalia Kills,1
Home,1
Nightmares on Wax,15
Hank Green,6
Brazilian Girls,1
Eddie Kendricks,4
A Silver Mt. Zion,1
Bonobo,2
Rosie Carney,1
Jerry Lee Lewis,1
Dynamic Tints & Pieces Of Peace,3
Shirley Bassey,3
Emily Kinney,5
Twin Peaks,2
Pretty Lights,1
Run the Jewels,103
Joe Cocker,18
John Maus,1
Kylie Minogue,3
The Lonely Island,166
Ace Frehley,1
Ultimate Painting,1
OK Go,78
RUN-DMC,1
Yellowman,13
Nymano,1
Grinderman,22
Moon City Boys,1
Julio Bashmore,1
Editors,42
The Special AKA,6
Haddaway,8
Nouvelle Vague,2
Beat Happening,3
BOB MARLEY & KRAYZIE BONE,1
Chance the Rapper,2
N.W.A.,14
Martha Wainwright,2
Ought,1
Vitalic,59
Wynton Marsalis,1
Geraldine Hunt feat. Freddie James & Rosalind aka Cheri,1
Roy Redmond,1
Juan Maclean,15
The Sound Stylistics,1
Barry White,8
Mercury Rev,5
They Might Be Giants,87
Holy Fuck,101
Commonplace Books,43
Donny Benét,1
Dee Edwards,1
Suuns,1
James,2
Athlete,1
Too Much Joy,1
Peter Gabriel,6
Digitalism,74
Emily Haines & The Soft Skeleton,12
Carl Cox,1
Lyla Foy,1
JAFARIS,1
World Party,1
The Ronettes,1
Ezra Furman & The Harpoons,3
Heart,2
Jamie xx,6
T.V. On The Radio,48
The Rolling Stones,214
Brian LeBarton,3
The Zombies,8
Scotty,1
Babyshambles,108
Sugarcubes,1
Mr. Oizo,6
Lorde,1
Marina and the Diamonds,8
The Japanese Popstars,140
Prince,28
Tomoko Aran,1
Mina,1
METZ,1
Mic Christopher,2
Hundred Reasons,41
DJ Raff,6
Lyn Collins,2
Martha Reeves & The Vandellas,7
The Waterboys,7
Cowpers,3
Frank Black & The Catholics,53
The Orb,3
Big Black,2
Dave,9
Squirtgun,4
Shalamar,1
blink-182,90
Jim Gaffigan,9
Hatchie,1
Dakar & Grinser,1
SertOne,1
Rodrigo y Gabriela,9
Mitch Hedberg's Passing,2
Best Coast,8
Magic Dirt,1
Tom Jones,2
Mr. Comicstore,2
The Revs,4
Soulwax (2 Many DJ's),3
Justice vs. Simian,17
JAPANESE POPSTARS The,17
The Kooks,33
Echobelly,1
The Soul Investigators,3
Peaches,44
Ugly Duckling,2
Birdy,2
Gwenno,4
The Emotions,3
Folk Implosion,1
Gomez,10
The Mighty Mighty Bosstones,32
Daft Punk,400
Blacks,1
Boris Dlugosch,1
Todd Rundgren,1
Mark Ronson,2
CDM Project,1
Jack Jones,1
Charlotte Church,1
Martha,2
Dead Man's Bones,4
Françoise Hardy,1
Jurassic 5,5
yawn,1
The New York Dolls,1
Ratatat,4
Guillemots,1
Fuck Buttons,13
Keaton Henson,8
Giant Drag,1
The Fatima Mansions,18
The Drums,12
Calexico,3
Harry Nilsson,4
Whipping Boy,6
Apathy,1
GMD,1
The Velvet Underground & Nico,8
Flight of the Conchords,136
The xx,13
The Style Council,1
MO'SOME TONEBENDER,6
Karate,57
Thrush Hermit,5
Mos Def,6
Les Savy Fav,2
Radio 4,1
The HiFly Orchestra,1
The Centurians,1
The Cars,2
A Perfect Circle,77
Tangerine Dream,2
Jimi Hendrix,65
Plumtree,37
Electronic,1
Helen Humes and Her Orchestra,1
Cream,35
Kele,63
The Comet Is Coming,2
Daniel Avery,4
Burt Bacharach,1
Local Natives,17
The Housemartins,1
Chemise,1
The Beths,1
Weston,1
Baxter Dury,1
The Doors,475
Jeffrey Lewis,1
Gil Scott-Heron & Jamie xx,8
Calvin Harris,44
Fatboy Slim,20
Darkside,3
Robbie Williams,3
Broken Social Scene Presents: Brendan Canning,26
Tom Petty and The Heartbreakers,3
The Tossers,1
Low Cut Connie,39
The Gun Club,2
The Cribs,1
ESG,7
Josh Abrahams,3
The War on Drugs,32
Bobby Womack,29
Ryan Paris,3
Henry Jamison,2
Jimi Hendrix and Jim Morrison,2
The Statler Brothers,1
Lykke Li,27
Chuck Berry,23
Madness,87
Emmylou Harris,1
Reggie Watts,39
The Pains of Being Pure at Heart,3
Maverick Sabre,1
Jack Garratt,1
Run-D.M.C.,3
Empire,88
Shiny Toy Guns,1
James Conwell,4
Modeselektor & Busdriver,2
Tindersticks,10
Brand New,1
Musical Youth,1
Sam Prekop,1
Indians,2
Tiga,16
Sam & Dave,33
black midi,2
Cave Comedy Radio,1
Len,3
Erasmus,1
Kamaal Williams,2
Roxy Music,5
Brian Wilson,24
Miles Davis + Thelonius Monk,1
Studio 99,1
Tourist,3
Dominique Young Unique,1
The Psychedelic Furs,51
Sam Cooke,4
Ariel Pink's Haunted Graffiti,1
Broadcast,1
Hot Water Music,1
Millencolin,3
Blue Öyster Cult,4
Bedouine,4
Livin' Joy,1
Operation Ivy,5
The Prodigy,69
The Doobie Brothers,3
The Tornadoes,3
Die Toten Hosen,1
Erykah Badu,1
Sven Libaek Orchestra,2
Townes Van Zandt,3
Imelda May,8
DJ Krush,1
Jerry Vale,1
Nuyorican Soul,1
Family of the Year,1
Irma Thomas,1
Bill Hicks,99
Nicky Wire,9
Modeselektor & Thom Yorke,1
Feeder,65
Donnie & Joe Emerson,1
50 Foot Wave,1
Rubber Band,18
Groove Armada,2
The Darkness,1
Say Lou Lou,1
JayKae,1
Thundering Asteroids!,1
Nick Cave and the Bad Seeds,46
Benga,20
Super Furry Animals,790
Bloc Party,139
Ray Barretto,3
House of Pain,1
Hercules & Love Affair,5
Darwin Deez,1
Antony and the Johnsons,1
Empirion,1
Solange,2
Saul Williams,3
Happy Mondays,76
惑星,1
Powpig,1
Black Oak Arkansas,3
Iron & Wine,22
Lemon Jelly,32
earwolf,7
Hurts,1
Syd Barrett,12
Johney Cash,1
Avi Buffalo,1
Violent Femmes,31
Cults,1
Bobby Blue Bland,1
Age,1
Teleman,1
New Found Glory,7
Big Thief,8
Redbone,2
John Grant,37
The B-52's,30
Michael Jackson,2
Beachwood Sparks,3
Jimmy Holiday,3
Wilson Simonal,1
Baby Huey & The Baby Sitters,15
Vitamin String Quartet,4
Lizzo,27
Raekwon,1
Vernon Garrett,3
Travis,3
Family Guy,20
Banner Pilot,4
I Am Kloot,3
De La Soul,20
Andrew Strong,1
Field Music,2
Mick Jenkins,1
Justice,179
JARV IS...,1
Fat White Family,4
Christian Finnegan,1
Rimon,1
David McCallum,2
Roy Ayers,2
Richard Hell and the Voidoids,1
Graveyard,1
Mahalia Jackson,1
The Mars Volta,167
No Such Thing As A Fish,1
Bob Newhart,2
Ben Harper & The Innocent Criminals,1
Judy Freeman,1
The Good the Bad & the Queen,5
The Pyschedelic Furs,9
John Phillips,1
Valerie June,1
Melvins,10
O Emperor,23
Jackson 5,3
Half Moon Run,3
OutKast with B-Real,1
Roland McBeth,1
Eve,1
Foo Fighters,36
Jimmy Cliff,1
Soulwax,324
Iron Chic,1
Iggy Azalea,12
XTC,4
Los Fabulosos Cadillacs,1
Interpol,118
Snarky Puppy,1
Thom Yorke,33
The Traveling Wilburys,4
The Roots,25
Black Francis,92
PC Munoz,1
kean kavanagh,2
S.O.U.L.,3
Flo Morrissey and Matthew E. White,1
Gorillaz,19
Ralph Graham,1
The Runaways,21
Nina Nesbitt,1
Gladys Knight & The Pips,2
Goldie Lookin' Chain,102
Diana Ross & The Supremes,1
Bob Seger,2
Courtney Barnett,64
Kele Okereke,1
Meat Loaf,1
Tanlines,1
Leon Bridges,6
Bomb the Music Industry!,2
Jeff Beck,1
Sir Joe Quarterman & Free Soul,2
Glück Das Mir Verblieb,1
Biffy Clyro,48
Big Boi,2
The Royal They,4
Joanie Sommers,1
Santigold,12
Oasis,132
The Dells,64
Calvin Harris vs Neosupervital,2
Frank Zappa & The Mothers Of I,1
Björk,55
Primus,66
Roberta Flack,1
Ozric Tentacles,1
Korn & Vanilla Ice,2
Gordon Lightfoot,9
French Horn Rebellion,1
Leonard Cohen,78
indieshuffle.com,1
Elisa Toffoli,1
Anti-Nowhere League,1
Akron/Family,1
Saundra Edwards,1
Cake,81
Cliff Nobles,1
John Coltrane,65
The Streets,42
Tom Odell,2
Black Sabbath,25
The Monks,1
Ralph Stanley,1
stellastarr*,2
It's Immaterial,1
Kool & The Gang,31
Sinead O'Connor,1
Eric B. & Rakim,2
Chief Keef,1
Bruce Springsteen & The E Street Band,1
The Mighty Imperials,4
King Floyd,1
Bill Callahan,1
Rick Ross,2
Coconut Records,2
Josh Ritter,2
The Offspring,74
Shit Robot,26
The Aliens,53
Damien Rice,33
Steve Martin,13
Alley Life,1
Tom Waits,26
Kiasmos,1
Whitney,7
Electric Light Orchestra,21
Thurston Moore,110
The Juan Maclean,49
Santogold,6
Electric Guest,1
Everlast,1
Kruder & Dorfmeister,1
Conor Oberst,10
DJ Shadow,287
Eddie Murphy,3
Bob Dylan,144
The Stunning,13
The Wailers,4
Buke & Gase,1
Cheryl Lynn,1
Etta James,5
Robert Johnson,3
Neneh Cherry,3
Explosions in the Sky,15
Tito Puente,3
Ballin' Jack,1
God Is An Astronaut,21
Charlotte Gainsbourg,9
Kopecky Family Band,1
Azealia Banks,41
Edoardo Vianello,1
September Girls,6
Au Pairs,1
The Butchies,1
Architecture in Helsinki,212
Arctic Monkeys,485
Marilyn Manson,12
Desire,1
Broken Social Scene,225
Freaks,1
The Link Quartet,3
The Vaselines,9
Technohead,2
Luke Kelly,13
Live,4
Cut Copy,177
M People,1
Vangelis,5
Grover Washington Jr.,1
Lords of Acid,1
Rob Base,5
Daughters,1
[spunge],1
Le Tigre,33
Horace Andy,1
The Haggis Horns,2
John Williams,1
Villagers,90
Bobby Darin,4
Speedy Ortiz,6
Sam Amidon,1
Sex Bob-Omb,20
Tyondai Braxton,5
Ram Jam,2
Seafood,3
Conte,11
The Dresden Dolls,1
George Baker Selection,4
Godspeed You! Black Emperor,6
Ian McCulloch,9
Propagandhi,1
The Afghan Whigs,3
Grouplove,1
The Producers,3
The Mad Capsule Markets,2
Kavinsky,3
Meredith Monk,2
Marcus Foster,1
Sham 69,1
Johnny Cash/June Carter Cash,2
Nick Waterhouse,1
Billie Eilish,14
Blink,31
The Jesus and Mary Chain,30
Beach House,9
Simian,9
Kings of Convenience,39
Plastico,1
Diggin' Dirt,1
Suicide,2
Ken Boothe,1
Saint Etienne,1
Guided by Voices,547
Betty Wright,1
Delroy Wilson,2
Braids,1
Blue Swede,1
EMF,2
Yak,1
Vulpes,2
Twin Shadow,1
Cardi B,1
Diplomats of Solid Sound,2
The Chemical Brothers,181
William Bell,4
Hozier,75
Pulp Fiction,2
Errors,2
Hüsker Dü,15
Har Mar Superstar,1
Grace Helbig and Jack Ferry,1
dredg,1
Pretenders,2
The Innocent Bystanders,1
Boys Noize & Erol Alkan,1
Elton John,16
David Byrne & St. Vincent,36
George Clinton Featuring Erick Sermon MC Breed,1
Alphawezen,1
All Tvvins,2
CHVRCHES,6
Alice Clark,2
Snoh Aalegra,1
ChannelFlip.com,18
Eminem,2
Devo,2
Richie Havens,1
Pissed Jeans,2
Blink 182,87
Brainiac,5
Michael Kiwanuka,1
Salt-N-Pepa,3
Snoop Dogg,8
Tunabunny,1
Nils Frahm,1
Le Volume Courbe,2
Love,4
Bill Wells,1
Eugene Mirman,14
The Specials,256
The Other Ones,1
David Kitt,1
Idles,13
Alien Ant Farm,1
Sam Brookes,1
Duke Special,14
The Ting Tings,35
Saint Sister,5
Elastica,18
St. Vincent,180
Goldie Lookin Chain,2
The Ad Libs,1
The Antlers,1
SpongeBob Patrick & The Monsters,1
Alice Cooper,13
Johnny Williams,3
The Brothers Johnson,22
The Mountain Goats,11
Shola Ama,1
Prymary Colours,1
alt-J,7
The Lovin' Spoonful,6
Dexter Gordon,1
FKA twigs,18
Marie Knight,2
The Isley Brothers,12
Alex Party,1
The 1900s,12
Joe Bonamassa,2
Dee Dee Warwick,3
Dirty Pretty Things,20
Rain Machine,1
Sharon Van Etten,24
Noel Gallagher's High Flying Birds,3
Hunters & Collectors,2
X-Ray Spex,3
Max Romeo,3
Pavement,911
LCD Soundsystem,1420
Got A Girl,1
Julian Casablancas,1
The Carstairs,1
Shopping,4
Keane,1
Junior Byles & Lee Perry,1
Beak>,1
Trust,1
Cotton Jones,1
The Bags,1
The Radio Dept.,1
Aaron Neville,2
Basement Jaxx; Lake & Palmer Emerson,1
Erol Alkan & Boys Noize,1
Average White Band,6
The Glands,1
mclusky,411
Adriano Celentano,1
Tyrone Davis,2
18 Carat Affair,1
Purity Ring,11
Working For A Nuclear Free City,9
65daysofstatic,107
Nicki Minaj,2
Carly Rae Jepsen,1
Hilary Woods,4
Kevin Smith Scott Mosier,9
Charles Douglas,1
Chris & Jason,1
Dave Brubeck,3
InMe,3
Lee Fields,3
ScHoolboy Q,4
Janelle Monáe,151
George Harrison,3
Albert Hammond,1
Spinal Tap,48
Kansas,2
Nick Drake,216
Darondo,8
Memoryhouse,1
Larry Graham & Graham Central Station,1
Quindon Tarver,1
Madvillain,3
Kaytranada,1
Chairlift,2
Richard Lloyd,1
Half Man Half Biscuit,2
Summer Camp,2
Radical Face,14
Magazine,1
Moderat,55
Corinne Bailey Rae,1
Big Daddy/Dr. King Schultz,1
Office,50
The Delfonics,7
Kelley Stoltz,1
Charlie Sexton,1
Midlake,1
Mundy,6
Mr. Scruff,1
Pat Benatar,2
Roop Kumar Rathod,1
Santana,1
Rick James,11
Hauer,1
Billie Marten,1
Scapegoat Wax,1
Mark McGuire,1
Bratmobile,1
Kate Bush,43
Diamond Rugs,1
Bonde do Role,79
Boney M.,3
Half Japanese,2
of Montreal,252
HMLTD,1
Paul Revere & The Raiders,2
Pixies,1090
Dark Sky,1
Aerosmith,29
Small Black,1
The Boy Least Likely To,51
Lack of Afro,1
Junior Boys,8
Fidlar,1
Gloria Jones,4
Public Service Broadcasting,8
Stealing Sheep,2
Earth Wind & Fire (with The Emotions),7
Zero 7,77
Prefuse 73,1
Jason Lee,10
Orgy,1
Beach Fossils,1
The Coasters,2
Carter Burwell,3
Pedro the Lion,1
Love And Rockets,1
Aged in Harmony,1
Box Car Racer,14
Cynthia Langston & the Gospel Queens,1
Simple Minds,4
Mystery Jets,1
MO*HO*BISH*O*PI,3
Silverchair,59
Baby Charles,6
New Young Pony Club,2
Cornelius,1
Scarlett Johansson,12
Mick Ronson,3
Billy Joel,2
TNGHT (Hudson Mohawke x Lunice),3
Ian Brown,17
Incredible Bongo Band,4
The Supremes,5
Death Grips,4
Dr. John,16
Pras,1
Mattiel,1
Fenne Lily,3
MxPx,3
Marty McFly with The Starlighters,2
The Breeders,150
Fleet Foxes,79
Curtis Harding,2
Anita Ward,1
Melanie,1
Gang Starr,1
Stormzy,9
The Monkees,1
Patton Oswalt,3
Jayda G,3
Glass Animals,1
Chromatics,1
Kano,2
Ólafur Arnalds,2
Cold War Kids,50
Sly & The Family Stone,183
Shuggie Otis,26
Frank Ocean,14
Killer Mike,1
Simon & Garfunkel,54
Agent Orange,2
Allah-Las,2
Regina Spektor,162
The Mar-Keys,2
Sia,2
Florence + the Machine,128
KNOWER,2
Darrell Banks,4
Tall Heights,1
Goldfinger,5
Hannibal Buress,56
Anthony Hamilton & Elayna Boynton,1
Fela Kuti,2
Parquet Courts,8
Frank Sinatra,6
Band of Horses,13
G-Unit,1
Mark Ronson & The Business Intl,1
Ruth Copeland,2
The Langley Schools Music Project,1
Kneecap,6
Jürgen Paape,4
Dr. Dre,32
Freak Power,1
Nid & Sancy,1
Dr Dre,2
Stereolab,61
The Nighthawks,1
The Jam,66
The Knack,2
Toots and The Maytals,22
MC Price And DJ Trouble,1
Father John Misty,127
The Film Score Orchestra,1
The (International) Noise Conspiracy,1
The Units,1
Cymande,1
Lisa Hannigan,158
Sheila Anthony,1
How to Dress Well,1
The Brian Jonestown Massacre,3
Marcey Yates,1
Goldie,2
Althea And Donna,1
Peter Frampton,2
THEESatisfaction,1
Huey Lewis & The News,6
Cat Power,30
Tsunami Bomb,1
the Dynells,3
Geto Boys,1
RJD2,1
The Fuzz,1
The Future Kings of Spain,5
Willy Mason,5
RJ Malcolm,1
Jeff Foxworthy,1
Bobcat Goldthwait,1
Eels,74
Thee Michelle Gun Elephant,82
The Vandellas,5
The Bar-Kays,2
The New Pornographers,45
Sweet Trio,1
Grandmaster Flash,10
Erick Sermon,1
Anna Burch,1
Pins,1
Nick Cave & The Bad Seeds,39
Daryl Hall & John Oates,1
Blood Orange,3
Danny Elfman,1
Jetplane Landing,6
George Fitzgerald,1
Orcas,1
Lankum,11
PENPALS,1
The Cave Singers,1
Jarlath Regan,6
Dr. Dre - Tray Deee - Xzibit,2
Phantogram,2
Big Star,3
Jim Noir,134
M. Ward,5
Shaggy,1
Otis Redding,258
The Waitresses,1
Frankie Cosmos,2
Mono,3
Dan Deacon,114
Sunset Rubdown,7
Pennywise,11
The La's,21
Sunflower Bean,7
Graham Nash,4
James Clarke Five,1
The QI Elves,86
Bruce Springsteen,56
EPMD,1
Eddy Current Suppression Ring,2
STRFKR,2
Eddy Grant,3
Paul Dianno (ex-Iron Maiden),1
The Byrds,10
The Bonzo Dog Band,1
Low,2
Joe Tex,1
BabyShamles,11
Foreigner,1
Malcolm McLaren,1
Of Monsters and Men,13
David Axelrod,1
The Redneck Manifesto,12
Sloan,2
Dinosaur Jr.,118
Eddie Floyd,2
Slagsmålsklubben,31
Sixpence None the Richer,1
Bully,1
Mount Eerie,1
NOFX,284
Bootsy Collins,14
Major Harris,1
Jean Deaux,3
Henry Rollins,1
Traams,2
Total Science ft. Conrad,1
The Wire,2
Soul Coughing,2
Jerry Goldsmith featuring Pat Metheny,1
Dan Le Sac,2
Mitch Hedberg,128
Blake Mills,1
Albert Hammond Jr.,1
Adam and Joe Podcast,1
The Nerves,1
Jakatta,1
Ed Sheeran,1
Baauer,2
Three Degrees,1
Ancorman,1
Manic Street Preachers,928
The Budos Band,14
The English Beat,63
Das EFX,16
Chaka Khan,2
Andrew Lloyd Webber,1
Jimothy Lacoste,4
The Lemon Twigs,1
Orange Juice,1
Walter Murphy,1
Public Image Ltd.,2
Falco,1
Aphex Twin,102
Billy Paul,1
Samiam,2
Anna Calvi,7
Joe Lynn Turner,1
Cloud Nothings,4
El Rego,1
Crystal Castles,195
Elvis Costello,12
Jawbreaker,8
Bone Thugs-N-Harmony,1
Radiohead & Ben Folds Five,1
DJ Hell,1
Booker T. & the M.G.s,8
Say Sue Me,1
The Faint,1
Ada,1
Bernard Herrmann,2
Paul Simon,130
Tom Green,4
Mr Oizo,4
This American Life,17
Port O'Brien,2
The Cleaners From Venus,1
The Cult,5
Gustav Holst,1
Ween,12
Ladyhawke,8
Ken Laszlo,1
Cat Stevens,36
The 2 Bears,1
Patti Smith Group,3
Timber Timbre,2
Chocolate Milk,1
Kubb,2
Dr. Dog,1
Bell X1,21
The Undertones,5
Miles Fisher,1
The Fiery Furnaces,3
Jello Biafra with the Melvins,15
Maceo And The Macks,2
K.Flay,1
Wavves,2
Final Fantasy,46
Bobby Garrett,3
Harry,4
The Pogues,74
Cautious Clay,1
Infadels,2
Cut Chemist Meets Shortkut,49
The Russian Futurists,48
Foster the People,1
Googie Rene,2
The Drifters,4
Harry Connick Jr.,1
The Sea and Cake,2
Girl Ray,1
Antony & the Johnsons,1
The Flaming Lips,393
John Holt,2
The Velvet Underground,82
Cutty Ranks,3
Ben Kweller,194
Eddie Izzard,400
Rival Schools,33
Mott the Hoople,3
Yvonne Baker,1
Death from Above 1979,12
The Only Ones,22
Benny Sings,1
Mark Lanagan & Duke Garwood,1
Foghat,23
Delays,1
Camille,1
The Unseen Guest,1
Ex Hex,7
Beach Boys,2
Superdrag,3
Lower Dens,1
The View,14
Savages,3
Sink Ya Teeth,1
JAY Z,2
The Village Callers,1
Osymyso,1
New Order,170
Mexrrissey,1
Booker T. & The M.G.'s,1
Dr. Dre - Kurupt - Nate Dogg - Six Two,1
Vulfpeck,36
Alabama 3,2
Starlight Vocal Band,3
Rita & The Tiaras,1
Django Django,94
Leonard Rosenman,1
Sugarman Three & Co.,1
Angel Olsen,21
Deftones,29
Albert King,3
Joey Bada$$,1
Rage Against the Machine & Tool,3
Yuck,6
kc accidental,2
Kenny Wells,1
King Kong Company,4
Audioslave,29
Beyoncé,9
Transplants,7
Ozzy Osbourne,5
Fugazi,42
Brittany Howard,1
Ennio Morricone,18
CGP Grey & Brady Haran,64
The Milk Carton Kids,5
Gipsy Kings,5
Jungle,1
Leonard Nimoy,3
Commodores,10
Le Galaxie,7
Cult of Youth,1
Toto,4
The BPA,1
Tim Buckley,5
Tim Timebomb,1
Moow,1
Big Country,28
Weather Report,9
Young Wonder,105
Mr. Bungle,79
Junior Byles,2
Solar Bears,1
+44,7
The Verve,7
The Spinners,5
The Pastels,1
99% Invisible,1
L'indécis,1
Sister Sledge,2
Crossen Ray Jr.,3
Thee Oh Sees,4
The Birthday Party,1
Zapp,2
Tiggs Da Author,1
King Gizzard & The Lizard Wizard,5
BROCKHAMPTON,2
Castways,3
Dylan Moran,3
Wayne Talbot and Simon Fitzgerald,1
Lee Dorsey,6
Vouges,1
Sense Field,1
Mariachi El Bronx,1
Free Blood,2
Cookin' On 3 Burners,1
The Chambers Brothers,4
Philip Selway,1
Clarence Reid,1
Virgin Prunes,3
John Lee Hooker,25
The Robins,2
Wet Cookies,1
Therapy?,37
Alkaline Trio,9
Gogol Bordello,81
Chicago Public Media,13
Bright Eyes,12
The Loops of Fury,1
Jello Biafra With D.O.A.,12
Cryonic,5
Talking Heads,464
NPR,2
The Killers,10
Zwan,1
King Crimson,44
Dum Dum Girls,1
Lil Nas X,1
Royal Yellow,1
Antibalas,1
Out Hud,1
Sam Spiegel,1
Rage Against the Machine,136
Hercules and Love Affair,32
Sweet Vandals,2
Yeah Yeah Yeahs,683
Descendents,3
Atari Teenage Riot,14
Golden Earring,6
Movie Sounds Unlimited,1
Supergrass,21
Limp Bizkit,4
Angel Haze,3
Prince & The Revolution,8
King Tuff,2
Bo Diddley,3
Queen of Japan,1
Guns 'n Roses & Elton John,1
Bat for Lashes,36
The Lemonheads,685
Missy Elliott,4
Radiant Children,1
Injury Reserve,2
Link Wray,1
Sylvester,1
Estelle,1
James Dean Bradfield,69
East India Youth,3
Brand Nubian,1
Suede,12
The Moldy Peaches,36
Weezer,432
The Watts 103rd. Street Rhythm Band,1
Róisín Murphy,33
Pulp,149
Tacocat,2
Låpsley,1
KOKOKO!,2
Paddy Casey,2
Kokolo,1
Casting to OmNomNomCast,19
Sponge,6
Willie Bobo,1
Goo Goo Dolls,4
Gruff Rhys/Andy Votel,2
Bearsuit,1
Tower of Power,1
Iceage,4
Odetta,3
Zig & Zag,41
Probot,1
Kool &The Gang,1
Dwight Trible,1
Asian Dub Foundation,2
Don Caballero,16
Blue Oyster Cult,1
Jim Carey,1
British Sea Power,862
The Soundtrack Studio Stars,1
Chasing Abbey,2
Tami Lynn,1
N*E*R*D,7
Stoat,11
Kid Koala,4
Dead Boys,2
That Petrol Emotion,1
Jeremy Steig,1
Ila Vann,1
Otis Day & The Knights,5
Dexys Midnight Runners,1
The Simpsons,1
The Yardbirds,57
A Giant Dog,1
Dr. Evil and Mini Me,2
Bush Tetras,1
Kodaline,2
Tobacco,2
King Princess,1
Hot Chip,175
The Smiths,747
New York Dolls,14
Marvin Gaye,171
Disclosure,32
Barbara Lynn,1
Patrick Watson,1
Big Daddy Kane,1
Tiffany,1
Carly Simon,3
Crookers,1
Randy Crawford,1
The Streets Vs. Bloc Party,3
Jimmy Page,1
Buddy Holly,2
The Slits,4
Buzzcocks,9
Bobby Wilson,1
The Mavericks,1
James Ray,1
Crome Yellow,1
Rolling Stones,38
13th Floor Elevators,4
Smash Mouth,2
Will Butler vs The Knocks,1
Talulah Does The Hula,2
Jackson Browne,4
Totally Enormous Extinct Dinosaurs,38
Jack White,17
Kaoru Watanabe,2
James Murphy & Pat Mahoney,48
The Datsuns,14
Parliament,192
Black Eyed Peas,2
Dana Fuchs,4
They Live,1
The Get Up Kids,8
Brenda Holloway,1
Polaris,2
2 Unlimited,1
Desert Noises,1
Television,75
Mötley Crüe,2
Cage the Elephant,1
Sultans Of Ping F.C.,38
Erase Errata,1
Buddy Rich Big Band,1
Harold Melvin & The Blue Notes,4
Elliott Smith,75
Japandroids,10
Papa Roach,1
Roddy Woomble,1
The Carters,25
Junior Murvin,2
Museum of Love,1
Richard & Linda Thompson,2
The Fratellis,2
Sweet,2
Booker T & The MG's,2
The Mamas & the Papas,4
Niamh Kavanagh,3
PJ Harvey,153
Pretty Girls Make Graves,2
My Bloody Valentine,118
Gil Scott-Heron and Jamie xx,2
Israel Kamakawiwo'ole,1
Songhoy Blues,7
Ghostpoet,12
Anjimile,2
Zack De La Rocha,2
Rod Stewart,2
James Hunter,1
Girls Aloud,2
Okkervil River,12
The Whispers,4
Stiff Little Fingers,67
YOURCODENAMEIS:MILO,1
Fairport Convention,5
Nena,1
Giorgio Moroder,1
Talk Talk,46
John Jefferson,1
The Libertines,226
CERYS  MATTHEWS,11
Surgeon,1
Wilco,20
Face to Face,1
Versatile,5
Kashmere Stage Band,3
The Five Stairsteps,4
Lipps Inc.,12
The Flaming Lips with Neon Indian,4
Rush,8
Preoccupations,69
Cracker,1
Black Lips,4
The Black Keys,149
Majestique,1
Grateful Dead,24
Chaos Chaos,3
The Postal Service,15
Gin Blossoms,3
Iron Maiden,4
The Bluetones,4
Billy Connolly,86
David Byrne,33
Frank Zappa and The Mothers,4
Angie McMahon,2
Girls At Our Best!,1
Digital Mystikz,1
Isaac Hayes,50
Ricky Nelson,5
The Rubberbandits,198
Mouse on Mars,9
Temples,1
Tracy Gallagher,3
Howlin' Wolf,1
The Marvelettes,1
Falcons,1
Joan Baez,14
Anomalie,1
The White Stripes,132
Siouxsie and the Banshees,4
[T]ekel,1
The Raspberries,1
The Blind Boys Of Alabama,23
Lenny Williams,1
Black Flag,14
Phosphorescent,5
Lenny Bruce,4
Kerbdog,35
Melba Moore,3
Mr.T,3
Rodríguez,1
D.I.M. & Tai,1
Snail Mail,2
Kevin Krauter,2
Rolling Blackouts Coastal Fever,1
Genesis,1
Warren Zevon,6
Blonde Redhead,136
Marcia Griffiths,1
Bill Haley & His Comets,1
Kristin Chenoweth,5
Vance Joy,8
Lovage,1
Ted Leo and the Pharmacists,2
EmpireMagazine,1
Priests,1
Elmore James,1
Tropical Fuck Storm,2
Enon,2
Acid Granny,2
Linval Thompson,3
Dan Harmon and Jeff Davis,541
Alfie Templeman,1
The Kingsmen,2
The Walker Brothers,1
Linda Jones,1
Fujiya & Miyagi,14
William Shatner,13
The Sugarhill Gang,1
Boston,3
R.E.M.,216
M. Newbury,1
The Glimmers,2
Funkadelic,508
Winterbrief,2
Real Estate,8
David Gray,4
Jeans Team,1
Rufus Thomas,2
John Coltane,1
John Talabot,3
Tune-Yards,4
The Dave Brubeck Quartet,2
Little Richard,2
Warren G,16
...And You Will Know Us by the Trail of Dead,5
Clu,2
Bryan Ferry,1
Doris Day,1
Fake Blood,1
IDER,1
Swearin',97
Wu-Tang Clan,1
Dane Cook,103
B-52's,1
Run Tingz Crew,1
The Mops,19
Junior Brother,4
Babyshambles & Friends,4
Richard Hawley,3
The Human League,1
Sly,1
Songs: Ohia,2
The Horrors,7
Rancid,85
Christian Death,1
Edwin Starr,2
Jethro Tull,5
Jacques Dutronc,1
dEUS,2
The Soul Brothers Six,4
Breakwater,2
Diana Krall,3
Charles Bradley,354
The Others,1
The Animals,12
Alexander,1
Boys Noize,32
High Contrast,2
Barry Adamson,1
Kimya Dawson & Antsy Pants,1
Deee-Lite,3
Stevie Nicks,1
Arcade Fire,1898
DO'D,19
Peace,1
Battles,596
Damien Dempsey,1
J.J. Cale,1
Bag Raiders,1
Sebadoh,12
Bloodhound Gang,11
John Mayall's Bluesbreakers,1
Danger Mouse,2
We Are Scientists,34
Built to Spill,43
Yo La Tengo,94
Acid Casuals,8
Zombie Nation,1
Mtume,2
Jarvis @ newestmp3s,2
Spirit,1
Rick Derringer,1
Wild Cherry,3
Betty Davis,5
Echo Lake,1
Rhye,2
The Ataris,26
Blockhead,1
Honeyblood,5
Labi Siffre,2
Riz Ortolani,1
Tiger Trap,1
Common,1
Alexandre Desplat,1
JJ72,11
Tracy Chapman,2
Daughtrey Sheriff Bill Sharp,1
The Most Serene Republic,12
Mike Birbiglia,1
Eric Clapton,30
Perfume Genius,17
Twennynine,2
Edwyn Collins,2
Jenny Lewis,1
Freddie King,1
Better Than Ezra,1
Mac DeMarco,5
Purple Disco Machine,10
Speedometer,10
The Staves,12
The Revolutionaries,2
Hal,6
Future Islands,3
Little Archie,3
The First Edition,2
Conor Walsh,1
Fiona Apple,10
Shack,1
Naomi Shelton & the Gospel Queens,7
Woody Allen,109
Everclear,3
Ben Folds,3
Lars Frederiksen and the Bastards,7
Gabriel Femi,1
Liam Bailey,1
Fountains of Wayne,1
Creedence Clearwater Revival,288
Domaje,1
<Unknown>,1
Jesus and Mary Chain,5
Luke Sital-Singh,2
Warlords of Pez,145
Sinéad O'Connor,3
Negative Nancys,2
Traffic,1
Naht,1
Starship,1
The Flirtations,1
Carl Reiner,1
Spiritualized,8
Black Oar Arkansas,2
OutKast,30
Dion & The Belmonts,1
Camper Van Beethoven,1
Mirah,1
Alan Wass,2
Antibalas Afrobeat Orchestra,1
King Khan And The Shrines,1
The Strokes,140
Herb Alpert and the Tijuana Brass,1
Max Tundra,1
The Jesus Lizard,30
Charlotte Adigéry,2
Peggy Simms,1
Rory Gallagher,111
SAMUEL L. JACKSON And ROBERT DENIRO,1
Radiohead,670
Tom Petty,13
Q-Tip,1
Jay Som,4
Cypress Hill & Redman,1
Mars Volta,3
After All,1
Morcheeba,1
Katy Perry,1
Greg Giraldo,2
Manu Chao,13
Just Mustard,15
Mongo Santamaria,1
The Murder Capital,1
The Stone Roses,401
The Tenth,6
Jacques Greene,1
Kelis,1
Soul II Soul,1
Charles Bradley (feat. Menahan Street Band),4
McCoy Tyner,1
Bill Bryson,85
Guns N' Roses,6
White Hinterland,7
Ladytron,1
Something Happens,7
Feist,95
Karen O and the Kids,7
Boxed In,1
Lady Wray,1
Idlewild,29
Jimmy Eat World,81
Kurt Cobain,1
The Knife,49
Jon Hopkins,3
Black Joe Lewis & The Honeybears,2
Lee Scatch Perry,4
Donny Hathaway,27
Dr. King Schultz/Django,2
Foo Fighters (feat. Kurt Cobain),1
Wye Oak,4
Boogaloo Investigators,1
Morrissey,355
Something Corporate,1
The Distillers,10
Shivaree,1
Chic,32
Yes,4
Beardyman feat. Foreign Beggars,3
Louis Armstrong,4
Sharon Jones & The Dap-Kings,16
Kraftwerk,45
Joe Bataan,1
Chris Isaak,1
Neil Young,187
Life Without Buildings,1
Rilo Kiley,4
Streetlab & Eamon Harkin,2
T-Rex,2
Amen Dunes,3
Babeheaven,2
Edwin McCain,1
A.C. Newman,1
Radio Active,4
Third Eye Blind,20
Dirty Projectors,11
N.E.R.D,1
Shamir,63
Shellac,1
Jackie Moore,1
Pomplamoose,21
Percy Sledge,5
Gary Clark Jr.,3
Bomba Estéreo,1
Nancy Sinatra,2
Fad Gadget,1
Sofi Tukker,6
Vicarious Bliss,1
The J.B.'s,2
Salt 'N Pepa; The Stooges,1
Blackalicious,3
Daughter,1
Everything Everything,52
Letters to Cleo,2
Nerdist Industries,4
Kula Shaker,17
Andrea Bocelli,1
The Dodos,1
Lily Allen,3
Metronomy,18
Gareth Reynolds,15
Mobb Deep,2
Static-X,1
Ben Folds Five,203
Adebisi Shank,3
Kojaque,8
BeardyMan,63
Thelonious Monk,6
The Easybeats,1
The Damned,4
TVam,2
Change,1
The Notwist,1
Laura Vane And The Vipertones,1
Eric Whitacre,1
The Whitest Boy Alive,2
Foals,11
T. Rex,22
Imperial Mammoth,1
Barbara Manning,1
Beastie Boys,422
Santa Esmeralda,8
The Barden Bellas,1
Thundercat,35
Woody Guthrie,2
Eagles,2
Tilly & The  Wall,10
The Kills,71
Kurt Vile,3
Dialogue,5
Charli XCX,2
Jeff Russo,1
Captain Beefheart & His Magic Band,129
Spandau Ballet,2
Gordon James,2
Two Door Cinema Club,1
Al Lerner,1
Luis Bacalov & Edda Dell'Orso,1
Buffalo Daughter,1
Binky Griptite & The Mellomatics,3
Supertramp,5
Richard Thompson,3
Outkast with Erykah Badu,1
The Scratch,4
Anna St. Louis,2
Johnny Thunders,1
Armani White,1
Alvvays,4
Crosby Stills & Nash,39
Cameo,3
The Unsuspecting Public,1
Camel,1
Yma Sumac,2
The Blossoms,2
Yumi Zouma,1
The Magnetic Fields,4
Harvey Danger,3
Young Knives,424
Roy Head & The Traits,2
Lyra,1
MGMT,57
One Way,2
The Commitments,16
Trent Reznor,1
We Were Promised Jetpacks,1
King Missile,2
Handsome Boy Modeling School,5
Miami Horror,1
Christy Moore,53
Young Marble Giants,1
Bitch Falcon,13
Big Shaq,2
The Pot Head,1
The Last Shadow Puppets,2
Example,79
Jai Paul,1
Light Year,2
Dengue Fever,2
Piano Aux Champs Elysées,4
Wild Beasts,12
Pussy Riot,3
Doris Troy,5
William Onyeabor,3
DIIV,4
Stereophonics,45
Tortoise,2
Lionel Richie,1
Air,76
Jamie Lidell,6
Diana Ross,1
Pat Shortt,1
The Champs,2
Drumkan,7
The All-American Rejects,3
Franz Ferdinand,12
Morning Theft,1
Be Your Own Pet,2
Robyn,27
Slove,31
Canned Heat,6
The Replacements,27
Desmond Dekker,7
The Invitations,1
KRS-One,3
Flying Lotus,9
The Frank and Walters,16
Denis Leary,1
Dashboard Confessional,4
Tammi Terrell,1
Damon Albarn,3
Lee Scratch Perry & The Upsetters,12
Damien Jurado,10
The Peep Tempel,1
Through & Through,1
Kevin Smith & Scott Mosier,3
Skream,4
Wiley,1
Traveling Wilburys,30
Skinny Puppy,1
Future Kings Of Spain,3
Norah Jones,1
Funk,5
Boy,1
Raphael Saadiq,3
Iggy & The Stooges,2
Protomartyr,4
Grand Funk Railroad,2
Led Zeppelin,310
Apparat,1
Swan Lake,1
Girl Band,67
Danny Brown,6
The Proclaimers,1
Gossip,6
Placebo,75
The Black Ghosts,3
Tenacious D,12
Chet Faker,1
The Strypes,1
Part Time,5
Auf Der Maur,13
Joanna Gruesome,1
Love Affair,1
Frank Black,704
Pink Floyd,136
The Muffs,2
Mick Jagger,1
Joe Strummer and the Mescaleros,1
The Donnas,5
Beady Eye,1
Buddy Rich,2
Pond,1
Grizzly Bear,40
Lenny Kravitz,4
Throwing Muses,3
James Brown & 2Pac,1
Depeche Mode,17
Joe Dolan,1
Billy Ocean,30
Dutch Uncles,4
Booker T. Jones,2
Passion Pit,55
Jane's Addiction,8
Billy Preston,2
Clive And Naomi,1
John Oliver and Andy Zaltzman,70
Josh Pyke,1
Pete Shelley,1
Wild Nothing,2
Acid_Casuals,2
Fall Out,1
Fight Like Apes,44
Republica,1
Anderson .Paak,2
Jagwar Ma,2
Morphine,1
Todd Barry,2
Faith No More,113
Misfits,2
Motörhead,1
Sergei Baronin,1
Dick Dale and His Del-Tones,1
Moby,5
Rubblebucket,1
Drenge,3
The Gap Band,2
Wolfgang Amadeus Mozart,2
The Chords,1
Awkwafina,33
Stevie Wonder,184
Tony Bennett,1
Archers of Loaf,7
Robert Vanderwiel,1
Petite Noir,2
B.B. King & Eric Clapton,5
The Spencer Davis Group,3
Merchandise,1
Bicep,1
Hello Internet,3
Sister Nancy,1
Orbital,6
Staff Benda Bilili,15
Underworld,7
The Gossip,70
Koяn,46
Semisonic,38
Donnie Trumpet & The Social Experiment,1
Ramones,32
John Carpenter,4
Chris Cornell,1
Ol' Dirty Bastard,9
Yeasayer,12
Crash and the Boys,2
Brother Dege,2
Diploma,1
Nine Inch Nails,7
Mormor,1
Fleetwood Mac,31
The Electric Soft Parade,10
Today FM,7
The Family Crest,1
Louis XIV,1
Jet,5
AB,1
Sean Kingston,2
Homeshake,3
Dan Le Sac vs Scroobius Pip,39
nerdist,26
Mudvayne,3
Grandmaster Flash & The Furious Five,13
Sebastian,1
Loyle Carner,5
John Martyn,1
Car Seat Headrest,15
The Who,160
The Stoats,3
Minutemen,82
Bee,2
George Benson,2
Betty Harris,1
Manfred Mann Chapter Three,2
Carl Carlton,2
The All Seeing I,2
George Carlin,218
Randy Newman,1
Modeselektor,197
The Smartest Man in the World,2
Nana Grizol,3
St Francis Hotel,1
Ashlee Simpson,1
Dizolve,3
Vondelpark,1
Toasted Heretic,2
Jimi Hendrix Experience,1
Self,1
My Favorite,1
Bob Marley & The Wailers,19
Delta 5,1
The Futureheads,63
Chilly Gonzales,1
Gavin James,1
Startalk radio,2
Ludwig van Beethoven,2
Pigs Pigs Pigs Pigs Pigs Pigs Pigs,1
Razorlight,2
Mew,170
R.L. Burnside,2
Sleigh Bells,12
Second Captains @ The Irish Times,1
Dirty Gold,1
Lee Fields & The Expressions,8
Dodgy,1
Odyssey,1
Gram Parsons,1
Open Mike Eagle,1
Judy Stone,1
Joni Mitchell,50
Bodega,2
The Beatles,677
Benny Goodman & His Orchestra,1
Little Majorette,1
Al Green,125
Ariana Grande,2
2 Many DJ's,227
The Detroit Emeralds,2
Housse de Racket,1
Jerry Reed,1
Get Cape. Wear Cape. Fly,3
Barbara Mills,1
The Sonics,6
SugarComa,2
FFS,1
Anemone,1
Dead or Alive,1
Foxygen,15
Blind Melon,22
10cc,3
The Frames,10
Tegan and Sara,1
Alabama Shakes,10
Ike Turner/Tina Turner,3
Graham Coxon,9
New Jackson,2
Lord Huron,1
Art Brut,270
Smokey Robinson & The Miracles,6
The National,73
The Disposable Heroes Of Hiphoprisy,3
Roy Orbison,1
Godspeed You Black Emperor!,1
The Dead Weather,37
Lindsey Buckingham,3
Stevie Ray Vaughan,2
Camera Obscura,28
Body Count,1
The Clash,283
The Cure,151
Boyo,1
Snow Patrol,5
Dolly Parton; Röyksopp,1
Sing Street,9
Fred Wesley & The J.B.'s,1
Mekons,2
Son House,2
America,8
Metallica,30
The Cardigans,1
Muddy Waters,65
Liam Gallagher,2
Pet Shop Boys,12
Iggy Pop,111
Right Said Fred,5
Wolfmother,50
Cassius,2
Cody ChesnuTT,6
Candi Staton,3
Peter Tosh,1
Barry Louis Polisar,2
Faithless,2
Pitbull,1
Tito Puente & Santana,1
The Rentals,1
Jeff Rosenstock,19
Johnny Clarke & The Aggrovators,3
LoneLady,2
Coldplay,2
Monty Python,6
The Band,44
Sum 41,4
Johnny Nash,1
Bombay Bicycle Club,21
Mountain,11
John Vanderslice,1
Gloria Gaynor,2
Boss Volenti,11
Kiko Bun,1
Amtrac,1
HAIM,38
My Morning Jacket,29
DJ Shadow & Cut Chemist,14
Nico,3
Charlie Parker,1
Mama Cass,2
Rocket from the Crypt,1
Taj Mahal,1
Jeff Beck Group,1
Tom Tom Club,1
Pigmeat Markham,1
Korn,16
Thin Lizzy,4
Ou Est Le Swimming Pool,10
Chrome Sparks,1
Blondie,12
Jim Morrison,49
Pete Townshend,1
James Vincent McMorrow,10
Gary Jules,2
Squeeze,10
The Automatic,8
White Lies,2
Gaz Coombes,2
Lucy Dacus,1
Jonathan Richman,2
Burial,30
Broken Bells,8
Bill Wyman,1
Lagwagon,2
Joan Jett,2
Gregory Alan Isakov,6
Bobby Bland,1
Ghostface Killah,3
Curtis Lee,3
Black Rebel Motorcycle Club,37
Archie Bronson Outfit,23
Norman Greenbaum,8
Outkast with Khujo Goodie,1
Kid606,1
Droogs,1
Vundabar,1
FEED,8
The Kissaway Trail,14
Clor,1
The Duckworth Lewis Method,44
Offspring,5
Emily Haines,8
The Notorious B.I.G.,25
The Police,1
Cate le Bon,3
Longpigs,6
The Stranglers,21
Bad Brains,1
Adrian Younge,1
Ann O'Day,6
Faye Webster,1
James Taylor Quartet,2
Afrojack,1
Felicia Michaels,1
Omar A Rodriguez-Lopez,5
Noah and the Whale,44
The Daktaris,6
Japanese Breakfast,1
Cherlene,3
The Vines,62
Marina & the Diamonds,30
Gemma Hayes,4
Don Thomas,1
Scientist,2
Jaco Pastorius,1
Mother Love Bone,16
Frank Zappa,925
JAY-Z,33
Scott Walker,4
Joseph Byrd,1
My Red Cell,2
Dismemberment Plan,2
Sammy Davis Jr.,2
Congo Natty,2
The Wonder Stuff,1
James Murphy,11
Horslips,4
George Clinton & the P-Funk All Stars,2
Free Kitten,12
Odd Future,1
The New Mastersounds,3
Brothers Johnson,3
Pato Banton,1
Grant Lee Buffalo,1
Kali Uchis,1
The Shadows,2
The Zutons,27
Sex Pistols,13
Solomon Burke,5
Clap Your Hands Say Yeah,70
Datarock,1
Pugwash,3
Original Music By Jonny Greenwood,4
O.C. Tolbert,3
Suburban Kids with Biblical Names,18
EVE 6,2
Holy Ghost!,27
Heroes in Hiding,5
Rob Base & DJ EZ Rock,1
Elvis Presley,16
Beirut,99
Whitefield Brothers,1
Valley Queen,1
Stephen Malkmus,73
Hot 8 Brass Band,35
Herbie Hancock,1
The Jimi Hendrix Experience,22
Lou Reed,96
Elton Motello,1
Director,1
Toro y Moi,1
Green Day,34
Khruangbin,4
Alice Russell,1
Ice Cube Dr. Dre & M.c. Ren,1
Dennis Brown,1
Steppenwolf,1
Miike Snow,2
Mungo Jerry,1
Robin Williams,38
Röyksopp,17
Etienne de Crécy,2
ALALA,2
The Murlocs,1
Howard Tate,1
Charles Wright,1
Blues Brothers,4
Lucy Rose,6
Pat Rick,1
Frank Black and the Catholics,76
Can,19
Boy Hits Car,1
Boards of Canada,6
Teenage Fanclub,22
London Grammar,74
Leyona,5
Moodymann,3
Ibibio Sound Machine,4
Marlena Shaw,5
Deep Purple,16
Dr. Dre - Snoop Dogg,1
Jeniferever,1
Darcy Clay,2
Princess Nokia,2
Kevin Morby,17
The Mirettes,3
Dressy Bessy,2
Jonathan Richman & The Modern Lovers,3
Karen O,3
Gwen McCrae,1
Stephen Malkmus and the Jicks,25
Lynyrd Skynyrd,6
Karen Elson,1
Suzanne Kraft,1
The Subways,3
Jonny Greenwood,14
Belle and Sebastian,426
David Lynch & Lykke Li,1
Maroon 5,1
White Virgins,1
MØ,11
MSTRKRFT,27
Robin Trower,1
Leon Haywood,1
Delorean,1
Neon Wolf,1
Johnny Cash,51
Slow Magic,1
Matthew Dear,12
Langhorne Slim,17
Theophilus London,1
A House,1
The Staple Singers,4
Felix Da Housecat; Garbage,1
Babe Ruth,1
Oxford Collapse,11
The Smashing Pumpkins,301
Mikhael Paskalev,2
Lou Ragland,1
CSS,128
Big Audio Dynamite,1
Elvin Bishop,1
Slowdive,6
The Surfaris,3
Julie London,1
The Fearless Flyers,1
Tko,1
Dr. Dre - Eddie Griffin,1
Aesop Rock,1
Amyl and the Sniffers,3
Bob Marley & Guru,1
P.S. Eliot,2
Spike Milligan,1
Gotye,12
Jape,47
Satan,1
The Olympics,5
Dick Dale & The Del-Tones,2
Brass Construction,1
Natalie Merchant,1
Haley Bonar,1
Switchfoot,1
Lee David,1
Vampire Weekend,38
Outkast Featuring Janelle Monae,1
Lemonheads,1
Aretha Franklin,119
The Lively Ones,2
Chuck Wood,2
Aisha Tyler,30
Tinie Tempah,1
Sonic Youth,360
Circa Waves,2
Vex Red,1
Jack Black,1
Chris Rock,1
MUNYA,12
The Trammps,2
The Dandy Warhols,33
Galaxie 500,9
Wings,3
Cypress Hill,14
Paul Weller,6
Ass Ponys,4
PaperFilm,1
Cristian Vogel,1
John Lennon,65
The Raconteurs,39
OMC,1
Kanye West,14
SBTRKT,7
The Heptones,4
Warpaint,104
Horse Feathers,1
Anderson,28
Bowling for Soup,2
Snapped Ankles,3
My Chemical Romance,1
Bobbie Gentry,13
Prince Buster,10
Cornershop,2
Gil Scott-Heron,160
Laura Mvula,2
Dilated Peoples,1
Cass McCombs,7
The Big Moon,3
Mndsgn,1
Terry Callier,1
Ryan Adams,22
Skee-Lo,20
Everything But the Girl,1
Radiohead & Pixies,2
Deep Blue Something,1
Dick Dale,2
Ann Peebles,6
Emerson Lake & Palmer,2
Dixe Cups,1
The Casualeers,2
John Legend,2
Whigfield,1
Steve Miller Band,2
Alexis Korner's Blues Incorporated,1
Flamin' Groovies,2
Rodrigo y Gabriella,35
Nick Lowe,3
Eddie Purell,1
Millionaire,2
Glenn Miller,1
Comedy Central,2
Bronski Beat,3
Raining Pleasure,1
Macklemore & Ryan Lewis,22
Willie Mitchell,1
The Bees,3
Thumpers,1
Omar Rodriguez-Lopez,2
Split Enz,1
Rick Springfield,1
Electric Six,22
Gravy Train!!!!,1
David Mitchell,88
Daniel Kaede,1
Count Basie,2
Leadbelly,1
Jello Biafra and Mojo Nixon,119
The Empire Podcast,4
The Magic Numbers,1
Jidenna,1
Ashok,2
Bad Manners,8
Blank Banshee,5
Shura,1
Liars,3
The Go! Team,40
The O'Jays,14
Richard Pryor,11
Phil Collins,2
Jean Knight,2
Bjork,12
Panda Bear,14
The Meters,34
Goat,1
The Shins,356
Sleater-Kinney,142
Ailbhe Reddy,1
Nathaniel Rateliff & the Night Sweats,1
Kim Wilde,1
Gold Panda,2
The Hives,18
Sufjan Stevens,161
Breakout,1
Lloyd Price,1
Newstalk 106-108 fm,43
Trentmoller,9
Teenage Bottlerocket,1
Koffee,2
P.O.D.,1
Counting Crows,1
eugene cam,1
Frankie & The Classicals,1
Ian Dury & The Blockheads,1
Neon Neon,81
Sports Team,3
At the Drive-In,366
The Gaslight Anthem,1
Johnnie Taylor,3
The Long Blondes,109
Jessie Ware,1
Mark Mothersbaugh,5
DJ Snake,1
Vince Guaraldi Trio,1
Easy Star All-Stars,36
The Apples in Stereo,6
The Pixies,3
Oddisee,1
Joy Division,580
Slow Club,1
A.A.L,1
Gnarls Barkley,27
Kaiser Chiefs,3
Arthur Agent,3
Tiny Masters Of Today,15
Sparta,27
Acoustic Alchemy,2
Cali Swag District,1
Dylan In the Movies,1
Santogold Pharrel Williams & Julian Casablancas,1
(Smog),1
George Thorogood and the Destroyers,2
Johnny Marr,3
The Bobby Fuller Four,1
Kwamie Liv,2
Luciano Pavarotti,1
The Weather Girls,1
Slave,1
Rupert Holmes,1
Ben Harper,70
Buddy Guy,1
M.I.A.,60
Harper Simon,2
Michael Ian Black,1
Keb' Mo',1
Billy Idol,6
The Highlighters Band,2
Sigur Ros,3
Electrocute,1
The Presidents of the United States of America,109
Will Butler,117
Cave In,26
The Impressions,6
Jefferson Starship,1
Julia Holter,4
Helen and Olly,120
The Rapture,91
Human Resource Vs 808 State,4
Metr,1
College & Electric Youth,1
Portugal. The Man,1
Shirley Ellis,1
The Polyphonic Spree,186
Mogwai,98
Lambert Hendricks & Ross,1
Fischerspooner,36
Atoms for Peace,9
Stereo MC's,4
The Maccabees,1
OPM,1
A Tribe Called Quest,22
Patti Smith,23
Dizzee Rascal,17
Beyond The Wizards Sleeve,1
Murderdolls,1
Brian Sangmeister,1
Girls,11
The Bloody Beetroots,42
The Communards,1
White Denim,8
Soft Cell,1
The Walkmen,17
Brick,1
Humble Pie,1
James Brown & The Famous Flames,1
Stephen Malkmus & The Jicks,49
Caribou,41
Ca-P,4
The Hollies,2
Spoon,67
Ray Charles,16
Lightspeed Champion,3
The Apples,2
Will Haven,1
Major Lazer,13
Paris Opera-Comique Orchestra,1
Felix Brady,1
Bow Wow Wow,1
Nostalgia 77,1
The Detroit Cobras,2
Chicks On Speed,3
Tommy Good,1
Driftless Pony Club,7
3rd Bass,2
Venus Infers,3
Gruff Rhys,145
Ohio Players,50
Ben Khan,2
Self Esteem,2
Bob & Gene,1
Incubus,29
Rene & Angela,1
Lambchop,1
South Park,12
Owen Pallett,1
Sugababes,6
Memphis Slim,1
Local H,4
Larry Ellis,1
Barenaked Ladies,1
Boney M 2000,1
The West Coast Pop Art Experimental Band,3
The Siren Six!,2
Big Ups,1
Chris Hardwick,255
Hiss Golden Messenger,1
Skunk Anansie,1
The Poets of Rhythm,3
Sun Kil Moon,21
Too $hort,1
Porno for Pyros,1
Jamie T,15
Kimya Dawson,12
Seasick Steve,232
Vince Guaraldi,1
Miley Cyrus,1
Western Skies Motel,1
Samuel Barber,3
Kenny Rogers And The First Edition,11
Fitz and the Tantrums,2
The Districts,1
Dan Harmon Feral Audio,8
The Cast of Cheers,247
The Internet,3
Fu Manchu,5
Desmond Dekker & The Aces,2
Ride,8
Shout Out Louds,1
SHIPS,2
Marcus Woods,1
Van Morrison,18
scientist prince jammy & the roots radics,1
Sharon Jones and the Dap-Kings,13
The Jouby's,1
The Saw Doctors,13
Saba,2
Minnie Riperton,4
Grimes,26
Trentemøller,49
Dizzee Rascal feat Calvin Harr,14
The Kinks,73
Primal Scream,53
Gus Dapperton,2
Peter Sellers,1
Tommy Dorsey,1
Phil Gerus,1
Small Faces,1
Circle Jerks,2
Ramshackle,3
Jack Johnson,75
The Music,5
Omar A. Rodriguez-Lopez,4
Seu Jorge,25
Against Me!,2
Robots in Disguise,20
Bob Mould,1
brian kirwan,1
Imogen Heap,1
Mayssa Karaa,2
Johnny Cash/U2,2
Far,2
Evelyn Champagne King,3
Rudy Ray Moore,2
Stephen/Calvin Candie/Dr King Shultz,1
Deer Tick,15
Taco,1
JUNGLEPUSSY,11
Allen Toussaint,1
Liam Lynch,4
Oshun,1
Daft Punk VS Yeah Yeah Yeahs,5
The Jackson 5,3
Hudson Taylor,1
Young Thug,2
Matt Monro,1
American Hi-Fi,1
Jamiroquai,1
The Mighty Lemon Drops,2
Patrick Wolf,17
guardian.co.uk,1
Audio Bullys,5
Dana Carvey,2
The Unicorns,2
Christine and the Queens,1
The Fat Lady Sings,2
Cherry Glazerr,1
Slouch,2
Girls Against Boys,6
Steve Lacy,1
Tapes 'n Tapes,11
Roscoe Robinson,3
Janis Joplin,6
Luka Bloom,1
Hell Is For Heroes,10
The Rub,1
Squid,3
The Flamingos,1
BEAT CRUSADERS,5
Velvet Revolver,1
Bleachers,2
The Coral,28
U2,42
Them Crooked Vultures,6
Guano Apes,10
Torre Florim,1
Fatima Yamaha,1
Prodıgy,8
Patrice Rushen,1
Dan Auerbach,1
Pillow Queens,19
Theo Katzman,2
Cathy Davey,2
War,17
Eagles of Death Metal,6
Jamo Thomas,1
Deerhoof,245
Citi Heet,1
Reptaliens,1
bob hund,1
Brigitte Bardot,2
Kate Nash,44
Neon Indian,1
The Selecter,4
Duran Duran,2
Gabrielle Aplin,1
The Barbs,2
Matt and Kim,1
The Blasters,1
Piero Piccioni,3
John Coltrane Quartet,1
Charlotte Hatherley,75
Sparklehorse,27
Alanis Morissette,5
Arrested Development,2
Danyel Galaxy,1
The Vendetta,1
Transvision Vamp,1
The Buzzcocks,1
Soundwalk Collective,1
WhoMadeWho,2
Fucked Up,5
Chameleon Circuit,9
Charles Wright & The Watts 103rd Street Rhythm Band,1
Frankie Knuckles,7
Leikeli47,6
Into Paradise,1
Danger Doom,2
The Japanese House,1
Scooter,1
Caesars,1
The Dynamics,1
RCola,1
Mudhoney,17
IDK,1
Jeremih,1
Seasick Steve & The Level Devils,19
Smokey Robinson,1
The Paddingtons,2
The Avalanches,60
Simian Mobile Disco,147
Glass Ghost,1
Johnny Cash/Kris Kristofferson/Waylon Jennings/Willie Nelson,3
I'm from Barcelona,1
Alexi Murdoch,21
Four Tet,2
Daphni,1
South,1
Charlie Brooker,3
Ciccone,1
Amy LaVere,13
Earth Wind & Fire,126
Rodger Collins,4
PS I Love You,1
The Evens,1
Little Dragon,5
Just Brothers,2
Meridian Dan,5
Scatter,1
Wale,4
Klaxons,6
Julian Cope,1
Cansei de Ser Sexy,1
Black Fork,1
Hank Mobley,1
The Walls,1
Detroit Grand Pubahs; New Order,1
Twist,1
Machines of Loving Grace,1
Looper,4
Catatonia,5
Giveamanakick,68
Soundgarden,28
Alex Gopher,2
Seals & Crofts,3
Steve Earle,8
Buffalo Tom,1
The Sugarcubes,18
Norma Tanega,3
Grand Duchy,87
Ananda Shankar,4
Steely Dan,2
The Eyelids,1
Rustie,1
Killing Joke,2
SOB x RBE,2
Greg Proops,375
Hot Hot Heat,14
Donna Summer,4
Silversun Pickups,24
The Divine Comedy,47
Lightnin' Hopkins,1
Frank Glazer,2
Roots Manuva,68
M83,19
The Meices,2
Jackie Wilson,10
Evan Dando,170
Sean Paul,2
Black Box Recorder,1
N.W.A,26
Kindness,2
Dustin,2
Viagra Boys,2
ABBA,1
The Stone Roses V Lily Allen,1
Luis Bacalov,4
Jr. Walker & The All Stars,3
Julia Jacklin,2
Tony & Tyrone,2
Håkan Hellström,1
Billy Talent,17
4E,1
Annibale e i Cantori Moderni,1
Doves,17
Trent Reznor and Atticus Ross,2
Braid,5
Omni,1
Helen Zaltzman,12
Andrew Bird,5
Lush,1
James Brown with Rev. James Cl,2
Newton Faulkner,13
Super Furry Animals vs. Goldie,2
ADULT.,8
The Cranberries,12
Stephen/Django,1
Dire Straits,3
Michel Legrand,1
